{"name":"USER","type":"ARM","mode":"Template","toolchain":"AC5","dependenceList":[{"groupName":"custom","depList":[{"name":"default","sourceDirList":[],"libList":[],"incList":["./../CORE","./.","./../HALLIB/inc","./../SYSTEM/sys","./../SYSTEM/delay","./../SYSTEM/usart"],"defineList":["STM32F10X_MD","USE_STDPERIPH_DRIVER"]}]}],"compileConfig":{"cpuType":"Cortex-M3","floatingPointHardware":"none","useCustomScatterFile":false,"scatterFilePath":"undefined","storageLayout":{"RAM":[{"tag":"RAM","id":1,"mem":{"startAddr":"0x0","size":"0x0"},"isChecked":false,"noInit":false},{"tag":"RAM","id":2,"mem":{"startAddr":"0x0","size":"0x0"},"isChecked":false,"noInit":false},{"tag":"RAM","id":3,"mem":{"startAddr":"0x0","size":"0x0"},"isChecked":false,"noInit":false},{"tag":"IRAM","id":1,"mem":{"startAddr":"0x20000000","size":"0x5000"},"isChecked":true,"noInit":false},{"tag":"IRAM","id":2,"mem":{"startAddr":"0x0","size":"0x0"},"isChecked":false,"noInit":false}],"ROM":[{"tag":"ROM","id":1,"mem":{"startAddr":"0x0","size":"0x0"},"isChecked":false,"isStartup":false},{"tag":"ROM","id":2,"mem":{"startAddr":"0x0","size":"0x0"},"isChecked":false,"isStartup":false},{"tag":"ROM","id":3,"mem":{"startAddr":"0x0","size":"0x0"},"isChecked":false,"isStartup":false},{"tag":"IROM","id":1,"mem":{"startAddr":"0x8000000","size":"0x10000"},"isChecked":true,"isStartup":true},{"tag":"IROM","id":2,"mem":{"startAddr":"0x0","size":"0x0"},"isChecked":false,"isStartup":false}]},"options":"null"},"uploader":"JLink","srcDirs":["./.eide/deps"],"virtualFolder":{"name":"<virtual_root>","files":[],"folders":[{"name":"USER","files":[{"path":"main.c"},{"path":"stm32f10x_it.c"},{"path":"system_stm32f10x.c"},{"path":"GPIOBIint.c"}],"folders":[]},{"name":"CORE","files":[{"path":"../CORE/startup_stm32f10x_hd.s"},{"path":"../CORE/core_cm3.c"}],"folders":[]},{"name":"FWLIB","files":[{"path":"../HALLIB/src/misc.c"},{"path":"../HALLIB/src/stm32f10x_adc.c"},{"path":"../HALLIB/src/stm32f10x_bkp.c"},{"path":"../HALLIB/src/stm32f10x_can.c"},{"path":"../HALLIB/src/stm32f10x_cec.c"},{"path":"../HALLIB/src/stm32f10x_crc.c"},{"path":"../HALLIB/src/stm32f10x_dac.c"},{"path":"../HALLIB/src/stm32f10x_dbgmcu.c"},{"path":"../HALLIB/src/stm32f10x_dma.c"},{"path":"../HALLIB/src/stm32f10x_exti.c"},{"path":"../HALLIB/src/stm32f10x_flash.c"},{"path":"../HALLIB/src/stm32f10x_fsmc.c"},{"path":"../HALLIB/src/stm32f10x_gpio.c"},{"path":"../HALLIB/src/stm32f10x_i2c.c"},{"path":"../HALLIB/src/stm32f10x_iwdg.c"},{"path":"../HALLIB/src/stm32f10x_pwr.c"},{"path":"../HALLIB/src/stm32f10x_rcc.c"},{"path":"../HALLIB/src/stm32f10x_rtc.c"},{"path":"../HALLIB/src/stm32f10x_sdio.c"},{"path":"../HALLIB/src/stm32f10x_spi.c"},{"path":"../HALLIB/src/stm32f10x_tim.c"},{"path":"../HALLIB/src/stm32f10x_usart.c"},{"path":"../HALLIB/src/stm32f10x_wwdg.c"}],"folders":[]},{"name":"SYSTEM","files":[{"path":"../SYSTEM/delay/delay.c"},{"path":"../SYSTEM/sys/sys.c"},{"path":"../SYSTEM/usart/usart.c"}],"folders":[]}]},"excludeList":[],"outDir":"build","deviceName":null,"packDir":null,"uploadConfig":{"bin":".\\build\\Template\\USER.hex","baseAddr":"0x08000000","cpuInfo":{"vendor":"ST","cpuName":"STM32F103C8"},"proType":1,"speed":8000,"otherCmds":""},"uploadConfigMap":{},"miscInfo":{"uid":"1b8cc688136d56f57c73a6d9b69dd985"},"targets":{"Template":{"compileConfig":{"cpuType":"Cortex-M3","floatingPointHardware":"none","useCustomScatterFile":false,"scatterFilePath":"undefined","storageLayout":{"RAM":[{"tag":"RAM","id":1,"mem":{"startAddr":"0x0","size":"0x0"},"isChecked":false,"noInit":false},{"tag":"RAM","id":2,"mem":{"startAddr":"0x0","size":"0x0"},"isChecked":false,"noInit":false},{"tag":"RAM","id":3,"mem":{"startAddr":"0x0","size":"0x0"},"isChecked":false,"noInit":false},{"tag":"IRAM","id":1,"mem":{"startAddr":"0x20000000","size":"0x5000"},"isChecked":true,"noInit":false},{"tag":"IRAM","id":2,"mem":{"startAddr":"0x0","size":"0x0"},"isChecked":false,"noInit":false}],"ROM":[{"tag":"ROM","id":1,"mem":{"startAddr":"0x0","size":"0x0"},"isChecked":false,"isStartup":false},{"tag":"ROM","id":2,"mem":{"startAddr":"0x0","size":"0x0"},"isChecked":false,"isStartup":false},{"tag":"ROM","id":3,"mem":{"startAddr":"0x0","size":"0x0"},"isChecked":false,"isStartup":false},{"tag":"IROM","id":1,"mem":{"startAddr":"0x8000000","size":"0x10000"},"isChecked":true,"isStartup":true},{"tag":"IROM","id":2,"mem":{"startAddr":"0x0","size":"0x0"},"isChecked":false,"isStartup":false}]},"options":"null"},"uploader":"JLink","uploadConfig":{"bin":".\\build\\Template\\USER.hex","baseAddr":"0x08000000","cpuInfo":{"vendor":"ST","cpuName":"STM32F103C8"},"proType":1,"speed":8000,"otherCmds":""},"uploadConfigMap":{},"toolchain":"AC5","custom_dep":{"name":"default","sourceDirList":[],"libList":[],"incList":["../CORE",".","../HALLIB/inc","../SYSTEM/sys","../SYSTEM/delay","../SYSTEM/usart"],"defineList":["STM32F10X_MD","USE_STDPERIPH_DRIVER"]},"excludeList":[]}},"version":"3.1"}