{"name":"机械臂","type":"C51","mode":"Target 1","toolchain":"Keil_C51","uploader":"stcgal","dependenceList":[{"groupName":"custom","depList":[{"name":"default","sourceDirList":[],"libList":[],"incList":["D:\\keil5B\\C51\\INC\\Atmel"],"defineList":[]}]}],"compileConfig":{"options":"null"},"srcDirs":[],"virtualFolder":{"name":"<virtual_root>","files":[],"folders":[{"name":"Source Group 1","files":[{"path":".\\arm.c"},{"path":".\\key.c"},{"path":".\\oled.c"},{"path":".\\串口通信A.c"},{"path":".\\TuringServo.c"},{"path":".\\servo0.c"}],"folders":[]}]},"excludeList":[],"outDir":".\\build","deviceName":null,"packDir":null,"uploadConfig":{"bin":".\\build\\Target 1\\机械臂.hex","eepromImgPath":"null","options":".eide/stc.flash.json"},"uploadConfigMap":{},"miscInfo":{"uid":"6b8dea415b6573c5cead748c4ed3b139"},"targets":{"Target 1":{"compileConfig":{"options":"null"},"uploader":"stcgal","uploadConfig":{"bin":".\\build\\Target 1\\机械臂.hex","eepromImgPath":"null","options":".eide/stc.flash.json"},"uploadConfigMap":{},"toolchain":"Keil_C51","custom_dep":{"name":"default","sourceDirList":[],"libList":[],"incList":["D:\\keil5B\\C51\\INC\\Atmel"],"defineList":[]},"excludeList":[]}},"version":"2.6"}